Tên sản phẩm,Mô tả sản phẩm,Combo,Giá,Ưu đãi,Phù hợp với,Liên hệ,Tag,Ảnh Sản Phẩm,Ảnh Mô Tả,Best Seller
Áo BOYA lưng lớn,"Áo BOYA lưng lớn, mút mỏng, thoáng khí, bản lưng to che mỡ, mặc siêu êm, không lộ viền, mặc mà như không mặc. Giúp che mỡ lưng, mỡ nách, tôn dáng, trẻ trung, tự tin. Quà tặng: 20 đơn đầu mua 3 áo tặng 1 quần lót cotton cao cấp siêu mát. Chất liệu: Mút mỏng, cotton. Size: 34/75 (40–47kg); 36/80 (48–55kg); 38/85 (56–63kg); 40/90 (64–70kg). Đặc điểm: Thoáng khí; bản lưng to che mỡ; siêu êm; không lộ viền; mặc như không mặc.",,149000,Mua 3 áo - Freeship toàn quốc,"Mọi độ tuổi nữ, đặc biệt cho người muốn che mỡ lưng/nách",902897681,"nữ, áo",https://drive.google.com/uc?export=view&id=19Uu7M75yI7462O4gBF5IKZYqlIv5DsfI,,x
Áo Lá Học Sinh,"Áo lá cotton cao cấp, thấm hút mồ hôi cực tốt, mềm mịn mát da, co giãn 4 chiều, ôm vừa cơ thể, không hằn vết, mút may liền siêu tiện lợi, nhẹ nhàng, không lệch, không cần tháo rời, dễ giặt, mau khô, không xù lông, không bai dão, mặc đến khi nào chán thì thôi, chất lượng yên tâm dùng. Chất liệu: Cotton cao cấp. Size: 30-80kg, đủ size. Đặc điểm: Thấm hút mồ hôi; mềm mịn; co giãn 4 chiều; ôm vừa cơ thể; không hằn vết; mút may liền; nhẹ nhàng; không lệch; dễ giặt; mau khô; không xù lông; không bai dão.",,57000,"Số lượng có hạn, đặt hàng ngay hôm nay!","Học sinh, bé gái, mọi độ tuổi nhỏ",902897681,"nữ, học sinh, áo",,,
Áo Ngực Belle,"Áo ngực Belle không mút, nhẹ tênh, thoải mái cả ngày dài, phù hợp mọi dáng người, dễ phối mọi phong cách từ công sở thanh lịch đến đi dạo. Quà tặng: . Chất liệu: Không mút. Size: 34-40. Đặc điểm: Nhẹ tênh; thoải mái cả ngày; phù hợp mọi dáng người; dễ phối mọi phong cách; chuẩn form; ôm dáng đẹp; tôn đường cong tự nhiên; chất lượng bền bỉ.",4,109000,Mua combo 4 áo: Chỉ còn 109K/áo + hỗ trợ phí ship,"Mọi độ tuổi nữ, đặc biệt cho người muốn sự thoải mái tự nhiên",902897681,"nữ, áo",https://drive.google.com/uc?export=view&id=1TuT7nz1pV08U5CWm1_0vSEE4WGIqPtj6,,x
Quần Lót Ren Boya,"Quần lót ren Boya, chất ren cao cấp, co giãn nhẹ, mềm mịn như không mặc, không gây ngứa, không bí da, thiết kế lưng thấp vừa phải, ôm nhẹ vòng mông, giúp tôn dáng mà vẫn kín đáo, lịch sự, không bèo, không viền gồ, mặc váy hay quần ôm đều không bị hằn, có đủ 3 size theo cân nặng để chọn đúng form. Chất liệu: Ren cao cấp. Size: Size M: 40–50kg; Size L: 50–60kg; Size XL: 60–70kg. Đặc điểm: Co giãn nhẹ; mềm mịn; không gây ngứa; không bí da; thiết kế lưng thấp; ôm nhẹ vòng mông; tôn dáng; kín đáo; không bèo; không viền gồ.",3,165000,Giá sốc: 165K/ COMBO 3 quần,"Phụ nữ U40–U60, mọi độ tuổi nữ",902897681,"nữ, quần",https://drive.google.com/uc?export=view&id=127HdouIC273y3p7rQs2E5an3NJmc3tMO,,x
Quần Lạnh Form To,"Quần lạnh siêu mát, vải lạnh siêu thoải mái, form rộng nhưng ôm sát quả đào, không hằn, không bí, không nóng, giặt máy hay giặt tay đều được, size đa dạng từ 1X đến 4X, cân mọi body từ 45–95kg. Chất liệu: Vải lạnh. Size: Size 1X–4X (45–95kg). Đặc điểm: Siêu mát; sờ vào thấy phê; ôm sát quả đào; không luộm thuộm; không hằn; không bí; không nóng; giặt máy/giặt tay đều được.",10,290000,Freeship luôn,"Mọi độ tuổi nữ, từ học sinh đến mẹ, cô, dì, chị",902897681,"nữ, quần",https://drive.google.com/uc?export=view&id=1DYUpTKOn6GqgDx0PWavddUWrv9hhxBSv,,x
Áo Lót Ren Boya,"Áo lót ren Boya, lưng lớn, form đẹp, mút mỏng, ren mềm mịn, co giãn cực tốt, không bí bách, không ngứa, không gò bó, lưng bản lớn phủ hết phần mỡ khó nói phía sau, không gọng, không viền lộ, nâng nhẹ nhàng, tự nhiên. Quà tặng: Mua 3 áo – tặng thêm 1 quần ren mềm mịn gợi cảm. Chất liệu: Ren mềm mịn. Size: 40–70kg. Đặc điểm: Mút mỏng; ren mềm mịn; co giãn cực tốt; không bí bách; không ngứa; không gò bó; lưng bản lớn; không gọng; không viền lộ; nâng nhẹ nhàng.",3,149000,Freeship toàn quốc cho đơn combo 3 áo,"Mọi độ tuổi nữ",902897681,"nữ, áo",https://drive.google.com/uc?export=view&id=127HdouIC273y3p7rQs2E5an3NJmc3tMO,,x
Quần Lót Beo,"Quần lót beo, thiết kế gợi cảm, sexy, ren mềm không gây ngứa, chất su lạnh co giãn 4 chiều, thoáng khí, dễ chịu khi mặc cả ngày dài, cân đủ size cho các chị em từ 40-50kg, có đủ màu, đủ kiểu siêu tiện lợi.\n**Chất liệu:** Ren mềm, su lạnh.\n**Size:** 40–50kg.\n**Đặc điểm:** Thiết kế gợi cảm; sexy; ren mềm; không gây ngứa; chất su lạnh; co giãn 4 chiều; thoáng khí; dễ chịu; đủ màu; đủ kiểu.",5,125000,Free ship khi mua từ 10 quần,"Phụ nữ mọi độ tuổi, đặc biệt cho người muốn hồi xuân",902897681,"nữ, quần",https://drive.google.com/uc?export=view&id=101g9PO8MdIgLBqharMbUKbd-M0TkYuma,,x
Quần Lót Ren Cạp Cao,"Quần lót ren cạp cao, thiết kế lưng cao che nhẹ nhàng mỡ bụng, không viền nên không hằn, không cấn, siêu thoải mái, ren siêu mềm không gây ngứa, chất dày dặn, co dãn tự nhiên, ôm sát vòng 3 cực kì tôn dáng, size từ 40–60kg, đủ màu sắc dễ phối đồ.\n**Chất liệu:** Ren siêu mềm.\n**Size:** 40–60kg.\n**Đặc điểm:** Thiết kế lưng cao; che mỡ bụng; không viền; không hằn; không cấn; siêu thoải mái; ren siêu mềm; không gây ngứa; chất dày dặn; co dãn tự nhiên; ôm sát vòng 3.",5,166000,Combo 5 quần - 166K siêu hời,"Mọi độ tuổi nữ",902897681,"nữ, quần",https://drive.google.com/uc?export=view&id=1KMM9F-TceyVUbXHb01Dc_HoQ2P_PKW3N,,x
Áo Ngực Không Gọng,"Áo ngực không gọng, không mút, siêu mỏng nhẹ, chất vải cotton thấm hút mồ hôi siêu đỉnh, không gây bí bách, 3 màu basic phù hợp mọi độ tuổi, dễ phối đồ hằng ngày, đủ size từ 35–90kg.\n**Chất liệu:** Cotton.\n**Size:** 35–90kg.\n**Đặc điểm:** Không gọng; không mút; siêu mỏng nhẹ; thấm hút mồ hôi; không gây bí bách; 3 màu basic; dễ phối đồ; đủ size.",1,90000,Giá siêu ưu đãi: chỉ 9X/ áo,"Mọi độ tuổi nữ",902897681,"nữ, áo",https://drive.google.com/uc?export=view&id=18SJlKYvuPkH6fxVyZAoMZhcJis51TFZa,,
Quần Lót Nita,"Quần lót Nita hàng Việt chất lượng cao, chất vải valizer trơn bóng, mịn, mỏng, mặc siêu mát và dễ chịu, đáy 2 lớp siêu dày dặn, giặt nhanh khô, màu sắc đa dạng, đủ size từ 35–75kg.\n**Chất liệu:** Valizer.\n**Size:** 35–75kg.\n**Đặc điểm:** Trơn bóng; mịn; mỏng; siêu mát; dễ chịu; đáy 2 lớp; giặt nhanh khô; màu sắc đa dạng; đủ size.",5,120000,Giá siêu ưu đãi: combo 5 quần chỉ còn 120K/5c,"Mọi độ tuổi nữ",902897681,"nữ, quần",,,x
Áo Su Nhật,"Áo Su Nhật chất su Nhật mỏng nhẹ, siêu mát mẻ và thoải mái, không bí bách, thiết kế bản lưng to che mỡ, tạo dáng ngực đẹp, 3 màu basic dễ phối đồ, đủ size từ 35–90kg.\n**Chất liệu:** Su Nhật.\n**Size:** 35–90kg.\n**Đặc điểm:** Mỏng nhẹ; siêu mát mẻ; thoải mái; không bí bách; bản lưng to; che mỡ; tạo dáng ngực đẹp; 3 màu basic; dễ phối đồ; đủ size.",1,200000,Deal sốc: 2XX/ áo,"Mọi độ tuổi nữ",902897681,"nữ, áo",,,x
Quần Thông Hơi Nhật,"Quần thông hơi Nhật chất vải thông hơi xịn, không bí bách, mềm mịn, thoáng khí, không gây hằn dấu, thấm hút tốt, form cao an toàn, đáy siêu dày dặn, màu sắc đa dạng dễ phối đồ, đủ size từ 40–60kg.\n**Chất liệu:** Thông hơi Nhật.\n**Size:** 40–60kg.\n**Đặc điểm:** Thông hơi; không bí bách; mềm mịn; thoáng khí; không gây hằn dấu; thấm hút tốt; form cao; đáy siêu dày dặn; màu sắc đa dạng; dễ phối đồ; đủ size.",5,175000,Giá siêu ưu đãi: 175K/5 quần; mua từ 10 quần chỉ với 340K - freeship,"Mọi độ tuổi nữ",902897681,"trẻ em, quần",,,x
Combo Quần Lót Trumph Ren,"Combo quần lót Trumph ren chất liệu cotton siêu bền, co giãn 4 chiều, thấm hút mồ hôi cực đỉnh, ren mềm mịn không ngứa ngáy, đầy đủ màu sắc dễ dùng, đủ size từ 30–70kg.\n**Chất liệu:** Cotton.\n**Size:** 30–70kg.\n**Đặc điểm:** Siêu bền; co giãn 4 chiều; thấm hút mồ hôi; ren mềm mịn; không ngứa ngáy; đầy đủ màu sắc; dễ dùng; đủ size.",10,190000,Combo 10 quần: 19xK,"Mọi độ tuổi nữ",902897681,"nữ, quần",,,x
Quần Bảo Hộ Trumph,"Quần bảo hộ Trumph chất cotton, thấm hút mồ hôi siêu đỉnh, không bí bách, co giãn 4 chiều, ôm người thoải mái, màu sắc đa dạng, đủ size từ XL–3XL (50–95kg).\n**Chất liệu:** Cotton.\n**Size:** 50–95kg.\n**Đặc điểm:** Thấm hút mồ hôi; không bí bách; co giãn 4 chiều; ôm người thoải mái; màu sắc đa dạng; đủ size.",5,170000,Combo 5 quần chỉ với 17xK,"Mọi độ tuổi nữ",902897681,"nữ, quần",,,x
Quần Lót Ren Cạp Cao,"Quần lót ren cạp cao thiết kế lưng cao che mỡ bụng, không viền không hằn, ren siêu mềm không gây ngứa, chất dày dặn co dãn tự nhiên, ôm sát vòng 3 tôn dáng, đủ size 40-60kg, đủ màu sắc dễ phối đồ.\n**Chất liệu:** Ren; chất dày dặn.\n**Size:** 40–60kg.\n**Đặc điểm:** Lưng cao; che mỡ bụng; không viền; không hằn; siêu thoải mái; ren mềm; không gây ngứa; co dãn tự nhiên; ôm sát vòng 3; tôn dáng; đủ màu sắc.",5,166000,Combo 5 quần: 166K siêu hời,"Mọi độ tuổi nữ",902897681,"nữ, quần",,,x
Combo Quần Lót Trumph Ren,"Combo quần lót Trumph ren chất liệu cotton siêu bền, co giãn 4 chiều, thấm hút mồ hôi cực đỉnh, ren mềm mịn không ngứa ngáy, đầy đủ màu sắc dễ dùng, đủ size từ 30–70kg.\n**Chất liệu:** Cotton.\n**Size:** 30–70kg.\n**Đặc điểm:** Siêu bền; co giãn 4 chiều; thấm hút mồ hôi; ren mềm mịn; không ngứa ngáy; đầy đủ màu sắc; dễ dùng; đủ size.",10,190000,Combo 10 quần: 19xK,"Mọi độ tuổi nữ",902897681,"nữ, quần",,,x
Áo BOYA Không Gọng,"Áo BOYA không gọng, mút 3 phân, độn nâng quả tự nhiên, co giãn tốt, chất ren siêu mềm không gây ngứa, size từ 32-38, đa dạng màu sắc, phù hợp đi tiệc, đi chơi, đi làm.\n**Chất liệu:** Ren; mút 3 phân.\n**Size:** 32–38.\n**Đặc điểm:** Không gọng; mút 3 phân; độn nâng tự nhiên; co giãn tốt; ren siêu mềm; không gây ngứa; đa dạng màu sắc.",1,100000,Giá siêu ưu đãi: 1xx/áo; combo 2 áo: 25x/combo 2 áo,"Mọi độ tuổi nữ",902897681,"nữ, áo",,,x